{
    "select": [
        {
            "column": {"name": "name", "table": null},
            "as": "name"
        }
    ],
    "from": [
        {
            "source": "cities",
            "as": "cities"
        }
    ],
    "where": [
        {
            "op": "=",
            "left": {"column": {"name": "name", "table": null}},
            "right": {"literal": "z"}
        },
        {
            "op": "!=",
            "left": {"column": {"name": "name", "table": null}},
            "right": {"column": {"name": "population", "table": null}}
        }
    ]
}
